{
    "fit_time": [
        15.044572114944458,
        15.758769989013672,
        15.23070764541626,
        15.116498708724976,
        14.71067762374878,
        15.039191484451294,
        15.332669258117676,
        15.0179283618927,
        15.350095272064209,
        16.10688543319702,
        14.893890142440796,
        14.748238801956177,
        14.653522729873657,
        15.119038581848145,
        14.649952173233032,
        15.168076276779175,
        15.183607578277588,
        15.61325979232788,
        15.083287715911865,
        31.54374599456787,
        34.038575172424316,
        36.77830147743225,
        29.87388300895691,
        27.79676914215088,
        29.537181854248047,
        22.7974374294281,
        29.739028215408325,
        29.02128577232361,
        24.760013341903687,
        24.92394733428955,
        25.032461643218994,
        22.118163347244263,
        26.622451782226562,
        37.87339687347412,
        31.19661521911621,
        30.230998039245605,
        30.927825689315796,
        30.515501737594604,
        30.31039333343506,
        30.77109122276306,
        34.85189509391785,
        31.41103959083557,
        30.49631094932556,
        30.894084692001343,
        30.899574279785156,
        31.41180658340454,
        29.529565572738647,
        22.670901775360107,
        21.643045663833618,
        24.998855352401733,
        29.5086567401886,
        22.29068899154663,
        23.30950689315796,
        25.664608001708984,
        28.658100843429565,
        31.94539976119995,
        31.6434907913208,
        30.878307342529297,
        30.25499153137207,
        25.84488010406494,
        31.556917905807495,
        31.077114820480347,
        31.604999542236328,
        31.5892117023468,
        31.258502960205078
    ],
    "score_time": [
        0.7162652015686035,
        0.014910459518432617,
        0.0157623291015625,
        0.02237224578857422,
        0.029170989990234375,
        0.012954950332641602,
        0.001359701156616211,
        0.016641855239868164,
        0.0166018009185791,
        0.021780014038085938,
        0.017085790634155273,
        0.008974790573120117,
        0.017166614532470703,
        0.005957841873168945,
        0.0161130428314209,
        0.016480207443237305,
        0.022027969360351562,
        0.01580643653869629,
        0.015813827514648438,
        0.016550064086914062,
        0.0343630313873291,
        0.048271894454956055,
        0.02514815330505371,
        0.02856731414794922,
        0.04159259796142578,
        0.026964187622070312,
        0.028581857681274414,
        0.029307842254638672,
        0.017165184020996094,
        0.0317842960357666,
        0.01413273811340332,
        0.016564607620239258,
        0.03577017784118652,
        0.07029342651367188,
        0.0152740478515625,
        0.0374760627746582,
        0.0537104606628418,
        0.017386198043823242,
        0.042920589447021484,
        0.03087759017944336,
        0.03234601020812988,
        0.025593042373657227,
        0.03144121170043945,
        0.036679983139038086,
        0.0473635196685791,
        0.05119061470031738,
        0.02397012710571289,
        0.03659391403198242,
        0.02385091781616211,
        0.03349804878234863,
        0.03149008750915527,
        0.025612354278564453,
        0.021372079849243164,
        0.023759126663208008,
        0.03692817687988281,
        0.04249095916748047,
        0.03214430809020996,
        0.027540206909179688,
        0.027043581008911133,
        0.02669525146484375,
        0.04088330268859863,
        0.021739721298217773,
        0.049187660217285156,
        0.029201984405517578,
        0.054709672927856445
    ],
    "test_accuracy": [
        0.9664429530201343,
        0.5757575757575758,
        0.5131578947368421,
        1.0,
        0.7960199004975125,
        0.16455696202531644,
        0.9947643979057592,
        0.9696969696969697,
        0.6470588235294118,
        0.503125,
        0.609375,
        0.7318181818181818,
        0.8947368421052632,
        0.9570815450643777,
        0.5288888888888889,
        0.9958847736625515,
        0.9857142857142858,
        0.9620853080568721,
        0.8733624454148472,
        0.9447004608294931,
        0.6869565217391305,
        0.9512195121951219,
        0.7788461538461539,
        0.9841269841269841,
        0.07017543859649122,
        0.96875,
        0.9951456310679612,
        0.9901960784313726,
        1.0,
        0.8985507246376812,
        0.43902439024390244,
        0.7889447236180904,
        0.9204545454545454,
        0.8471074380165289,
        0.8864864864864865,
        0.14285714285714285,
        0.7268041237113402,
        0.6351351351351351,
        0.7405660377358491,
        0.7178423236514523,
        0.6380090497737556,
        0.9333333333333333,
        0.13526570048309178,
        0.8636363636363636,
        0.3018867924528302,
        0.723404255319149,
        0.8557213930348259,
        0.7530364372469636,
        0.9692307692307692,
        0.4215686274509804,
        0.5797872340425532,
        0.5947368421052631,
        0.7948717948717948,
        0.8755980861244019,
        0.9014778325123153,
        0.5329949238578681,
        0.949748743718593,
        0.7619047619047619,
        0.05102040816326531,
        0.2994652406417112,
        0.33,
        0.8303571428571429,
        0.4427860696517413,
        0.9811320754716981,
        0.5203619909502263
    ],
    "test_sensitivity": [
        0.9664429530201343,
        0.5757575757575758,
        0.5131578947368421,
        1.0,
        0.7960199004975125,
        0.16455696202531644,
        0.9947643979057592,
        0.9696969696969697,
        0.6470588235294118,
        0.503125,
        0.609375,
        0.7318181818181818,
        0.8947368421052632,
        0.9570815450643777,
        0.5288888888888889,
        0.9958847736625515,
        0.9857142857142858,
        0.9620853080568721,
        0.8733624454148472,
        0.9447004608294931,
        0.6869565217391305,
        0.9512195121951219,
        0.7788461538461539,
        0.9841269841269841,
        0.07017543859649122,
        0.96875,
        0.9951456310679612,
        0.9901960784313726,
        1.0,
        0.8985507246376812,
        0.43902439024390244,
        0.7889447236180904,
        0.9204545454545454,
        0.8471074380165289,
        0.8864864864864865,
        0.14285714285714285,
        0.0,
        0.0,
        0.0,
        0.0,
        0.0,
        0.0,
        0.0,
        0.0,
        0.0,
        0.0,
        0.0,
        0.0,
        0.0,
        0.0,
        0.0,
        0.0,
        0.0,
        0.0,
        0.0,
        0.0,
        0.0,
        0.0,
        0.0,
        0.0,
        0.0,
        0.0,
        0.0,
        0.0,
        0.0
    ],
    "test_precision": [
        1.0,
        1.0,
        1.0,
        1.0,
        1.0,
        1.0,
        1.0,
        1.0,
        1.0,
        1.0,
        1.0,
        1.0,
        1.0,
        1.0,
        1.0,
        1.0,
        1.0,
        1.0,
        1.0,
        1.0,
        1.0,
        1.0,
        1.0,
        1.0,
        1.0,
        1.0,
        1.0,
        1.0,
        1.0,
        1.0,
        1.0,
        1.0,
        1.0,
        1.0,
        1.0,
        1.0,
        0.0,
        0.0,
        0.0,
        0.0,
        0.0,
        0.0,
        0.0,
        0.0,
        0.0,
        0.0,
        0.0,
        0.0,
        0.0,
        0.0,
        0.0,
        0.0,
        0.0,
        0.0,
        0.0,
        0.0,
        0.0,
        0.0,
        0.0,
        0.0,
        0.0,
        0.0,
        0.0,
        0.0,
        0.0
    ],